taplio_id,li_id,match_method,url,created_at,content_preview,impressions,likes,comments,shares
urn:li:activity:7488989353009029120,,,,2026-07-31T16:10:00.451Z,"𝗔𝗿𝗲 𝘆𝗼𝘂 𝘁𝗶𝗿𝗲𝗱 𝗼𝗳 𝘆𝗼𝘂𝗿 𝗟𝗶𝗻𝗸𝗲𝗱𝗜𝗻 𝗺𝗲𝘁𝗿𝗶𝗰𝘀 𝗱𝗶𝘀𝗮𝗽𝗽𝗲𝗮𝗿𝗶𝗻𝗴 𝘁𝗵𝗲 𝗻𝗲𝘅𝘁 𝗱𝗮𝘆? 📉 s highlighted in the sources, LinkedIn's native dashboard only gives you a temporary snapshot—if you check today, yesterday's exact ",0,1,1,0
urn:li:activity:7488648957166899200,,,,2026-07-30T17:37:23.758Z,"Remember last week's discussion about Microsoft and their ""principled stand"" on open weights for American competitiveness? https://lnkd.in/e2_yrMWA Today's announcement regarding Kimi K3 from Beijing-",29,1,0,0
urn:li:activity:7488391253106257921,,,,2026-07-30T00:33:22.322Z,From the McKinseys; article what resonated  with me is the paradigm shift in seeing AI as acoworker. This fundamentally shifts the human role from being an isolated executor of tasks to an orchestrato,46,0,0,0
urn:li:activity:7488337648483405824,,,,2026-07-29T21:00:21.984Z,"Every kitchen has ingredients nobody remembers buying. Enterprise memory works the same way. Who decides what stays fresh and what gets tossed before it spoils the dish? New piece, link below.   https",42,0,0,0
urn:li:activity:7488033765244526592,,,,2026-07-29T00:52:50.574Z,"I read a post recently from Sarah on enterprise memory architecture, and I could not shake one image. A busy restaurant kitchen, every night, quietly ",73,1,0,1
urn:li:activity:7487835503392718848,,,,2026-07-28T11:45:01.265Z,"Everyone likes to pick on the DMV. My favorite character of all time is probably Flash from Zootopia, the sloth at the counter moving at his own pace no matter how stressed out you are. Funny because ",83,0,0,0
urn:li:activity:7487469834692292610,,,,2026-07-27T11:31:59.053Z,Why Platform Thinking 𝑵𝒆𝒆𝒅𝒔 Enterprise Architecture TL;DR to my original post https://lnkd.in/ezCktBjU,53,0,0,0
urn:li:activity:7487267198948802560,,,,2026-07-26T22:06:46.927Z,"Danielle Romanoff's post  reminded me of the time I ever led a project, I built the executive one-pager, our ""six-pack,"" back when everything still ran through PowerPoint decks for leadership review. ",1429,1,0,0
urn:li:activity:7486593491184156672,,,,2026-07-25T01:29:42.479Z,"𝗠𝗶𝗰𝗿𝗼𝘀𝗼𝗳𝘁 𝗗𝗶𝗱𝗻'𝘁 𝗪𝗮𝗶𝘁 𝗳𝗼𝗿 𝘁𝗵𝗲 𝗢𝗽𝗲𝗻 𝗪𝗲𝗶𝗴𝗵𝘁 𝗗𝗲𝗯𝗮𝘁𝗲 𝘁𝗼 𝗥𝗲𝘀𝗼𝗹𝘃𝗲  Instead they  formed a coalition of a16z, Meta, NVIDIA, Hugging Face, and others just published a joint statement on why open-weight AI mod",195,5,5,0
urn:li:activity:7486545878724468736,,,,2026-07-24T22:20:30.784Z,"Free workshop worth your time: voice agents at F100 scale, 10K calls a day, lessons on masking latency, dodging spam flags, and evaluating quality you can't manually check. Tue Jul 28, 4pm UTC. RSVP: ",209,0,0,0
urn:li:activity:7486479740598603776,,,,2026-07-24T17:57:42.226Z,"Love the framework suggested here, but I think it underweights how this plays out on the ground. The piece names the data foundation problem, one line under step two on modern data architecture and do",73,1,0,0
urn:li:activity:7486378410051567616,,,,2026-07-24T11:15:03.141Z,"Jeff's framework assumes you're free to ask ""does this make it cheaper, faster, smarter, better, easier, repeatable."" But in a lot of manufacturing orgs, you don't even get to that question honestly, ",141,2,0,0
urn:li:activity:7486182328906719232,,,,2026-07-23T22:15:53.753Z,"Just wrapped up the Edge AI for Microcontrollers Specialization, and it turned into more of a refresher than I expected. Took me right back to Harman, working on a genuinely 0 to 1 product, multiple r",87,1,0,0
urn:li:activity:7485661193932664832,,,,2026-07-22T11:45:05.493Z,𝐅𝐨𝐮𝐧𝐝 𝐚𝐧 𝐎𝐥𝐝 𝐅𝐫𝐢𝐞𝐧𝐝 𝐨𝐧 𝐂𝐚𝐭𝐞𝐫𝐩𝐢𝐥𝐥𝐚𝐫'𝐬 𝐖𝐞𝐛𝐬𝐢𝐭𝐞 𝐓𝐨𝐝𝐚𝐲 🔧 Caterpillar In-Cylinder Pressure Sensor (443-5682)  Was looking for something completely unrelated and stumbled across this. Didn't expect it to ca,245,0,0,0
urn:li:activity:7485412044792373248,,,,2026-07-21T19:15:03.709Z,"LinkedIn gives you a snapshot of your posts. It doesn't give you a story. So, after exporting my billionth manual spreadsheet, I decided to build the story myself.",97,1,0,0
urn:li:activity:7485053903672119296,,,,2026-07-20T19:31:56.212Z,"McKinsey's AI ladder reflects my work. At Xperi, ML decreased latency by 98%. At Harman, our Edge-AI platform unlocked a $2.4B market. McKinsey notes Level 4 business building yields 31x multiples, pr",83,2,0,0
urn:li:activity:7484936411108904960,,,,2026-07-20T11:45:03.802Z,"𝐄𝐯𝐞𝐫 𝐩𝐢𝐭𝐜𝐡𝐞𝐝 𝐚 𝐠𝐚𝐦𝐞-𝐜𝐡𝐚𝐧𝐠𝐢𝐧𝐠 𝐢𝐝𝐞𝐚, 𝐨𝐧𝐥𝐲 𝐭𝐨 𝐡𝐚𝐯𝐞 𝐚𝐧 𝐞𝐱𝐞𝐜𝐮𝐭𝐢𝐯𝐞 𝐤𝐢𝐥𝐥 𝐲𝐨𝐮𝐫 𝐛𝐮𝐝𝐠𝐞𝐭 𝐚𝐧𝐝 𝐰𝐚𝐭𝐜𝐡 𝐚 𝐫𝐢𝐯𝐚𝐥 𝐭𝐞𝐚𝐦 𝐬𝐭𝐞𝐚𝐥 𝐭𝐡𝐞 𝐜𝐫𝐞𝐝𝐢𝐭? Welcome to the club. You have exactly the same career trajectory as Nikola Tesla.",107,0,0,0
urn:li:activity:7484691034799751170,,,,2026-07-19T19:30:01.531Z,"𝐄𝐯𝐞𝐫 𝐩𝐢𝐭𝐜𝐡𝐞𝐝 𝐚 𝐠𝐚𝐦𝐞-𝐜𝐡𝐚𝐧𝐠𝐢𝐧𝐠 𝐢𝐝𝐞𝐚, 𝐨𝐧𝐥𝐲 𝐭𝐨 𝐡𝐚𝐯𝐞 𝐚𝐧 𝐞𝐱𝐞𝐜𝐮𝐭𝐢𝐯𝐞 𝐤𝐢𝐥𝐥 𝐲𝐨𝐮𝐫 𝐛𝐮𝐝𝐠𝐞𝐭 𝐚𝐧𝐝 𝐰𝐚𝐭𝐜𝐡 𝐚 𝐫𝐢𝐯𝐚𝐥 𝐭𝐞𝐚𝐦 𝐬𝐭𝐞𝐚𝐥 𝐭𝐡𝐞 𝐜𝐫𝐞𝐝𝐢𝐭? Welcome to the club. ⚡  I read about Nikola Tesla and realized I don't actually k",604,3,0,1
urn:li:activity:7484624611645583360,,,,2026-07-19T15:06:05.017Z,"𝐀𝐠𝐞𝐧𝐭𝐢𝐜 𝐇𝐨𝐦𝐞𝐬: 𝐀 𝐅𝐫𝐢𝐜𝐭𝐢𝐨𝐧𝐥𝐞𝐬𝐬 𝐑𝐞𝐥𝐢𝐞𝐟 𝐨𝐫 𝐚 𝐖𝐚𝐥𝐥𝐞𝐝 𝐆𝐚𝐫𝐝𝐞𝐧 𝐍𝐢𝐠𝐡𝐭𝐦𝐚𝐫𝐞?  Smart homes promised seamless, autonomous living. What most people got was five apps, three remotes, and a Samsung fridge with a cam",149,0,0,0
urn:li:activity:7483976010674327552,,,,2026-07-17T20:08:46.495Z,𝐖𝐡𝐲 𝐏𝐥𝐚𝐭𝐟𝐨𝐫𝐦 𝐓𝐡𝐢𝐧𝐤𝐢𝐧𝐠 𝐍𝐞𝐞𝐝𝐬 𝐄𝐧𝐭𝐞𝐫𝐩𝐫𝐢𝐬𝐞 𝐀𝐫𝐜𝐡𝐢𝐭𝐞𝐜𝐭𝐮𝐫𝐞?  𝘈𝘯𝘥 𝘩𝘰𝘸 𝘴𝘵𝘳𝘰𝘯𝘨 𝘢𝘳𝘤𝘩𝘪𝘵𝘦𝘤𝘵𝘶𝘳𝘢𝘭 𝘧𝘰𝘶𝘯𝘥𝘢𝘵𝘪𝘰𝘯𝘴 𝘱𝘳𝘦𝘱𝘢𝘳𝘦 𝘢𝘯 𝘰𝘳𝘨𝘢𝘯𝘪𝘻𝘢𝘵𝘪𝘰𝘯 𝘧𝘰𝘳 𝘢𝘨𝘦𝘯𝘵𝘪𝘤 𝘈𝘐  Every platform team I've been part of eventually runs into the sa,193,1,1,0
urn:li:activity:7483845636379971584,,,,2026-07-17T11:30:42.841Z,The Rise of Agentic Software Development Platforms The software development landscape is going through a real architectural shift this year. The industry is moving past simple AI code completion tools,176,0,0,0
urn:li:activity:7483714073604476929,,,,2026-07-17T02:47:55.831Z,"The software development landscape is going through a real architectural shift this year. The industry is moving past simple AI code completion tools,",170,1,0,0
urn:li:activity:7483680952934674432,,,,2026-07-17T00:36:19.248Z,"""Value per token"" is the framing I hadn't heard before, more useful than counting spend. Efficient conversion beats raw usage every time. #AIEconomics #TokenEconomy #GenerativeAI #AIatScale #Enterpris",142,0,0,0
urn:li:activity:7483486964290105344,,,,2026-07-16T11:45:28.751Z,"𝐀𝐠𝐞𝐧𝐭𝐢𝐜 𝐇𝐨𝐦𝐞𝐬: 𝐀 𝐅𝐫𝐢𝐜𝐭𝐢𝐨𝐧𝐥𝐞𝐬𝐬 𝐑𝐞𝐥𝐢𝐞𝐟 𝐨𝐫 𝐚 𝐖𝐚𝐥𝐥𝐞𝐝 𝐆𝐚𝐫𝐝𝐞𝐧 𝐍𝐢𝐠𝐡𝐭𝐦𝐚𝐫𝐞?  Smart homes promised seamless, autonomous living. What most people got was five apps, three remotes, and a Samsung fridge with a cam",123,0,0,0
urn:li:activity:7483371290217570304,,,,2026-07-16T04:05:49.903Z,"The line that stayed with me: ""𝐓𝐡𝐞 𝐦𝐚𝐥𝐢𝐜𝐢𝐨𝐮𝐬 𝐢𝐧𝐬𝐢𝐝𝐞𝐫 𝐚𝐧𝐝 𝐭𝐡𝐞 𝐰𝐞𝐥𝐥-𝐦𝐞𝐚𝐧𝐢𝐧𝐠 𝐨𝐧𝐞 𝐠𝐞𝐧𝐞𝐫𝐚𝐭𝐞 𝐭𝐡𝐞 𝐬𝐚𝐦𝐞 𝐚𝐦𝐛𝐢𝐠𝐮𝐨𝐮𝐬 𝐬𝐢𝐠𝐧𝐚𝐥𝐬.""   I've seen this from the other side. At Xperi, I owned a metadata platform processi",140,0,1,0
urn:li:activity:7483188390914494465,,,,2026-07-15T15:59:03.311Z,"""𝘽𝙪𝙨𝙮 𝙬𝙤𝙧𝙠 𝙘𝙖𝙣 𝙡𝙤𝙤𝙠 𝙡𝙞𝙠𝙚 𝙥𝙧𝙤𝙜𝙧𝙚𝙨𝙨. 𝙊𝙣𝙡𝙮 𝙢𝙚𝙖𝙨𝙪𝙧𝙖𝙗𝙡𝙚 𝙤𝙪𝙩𝙘𝙤𝙢𝙚𝙨 𝙥𝙧𝙤𝙫𝙚 𝙩𝙧𝙖𝙣𝙨𝙛𝙤𝙧𝙢𝙖𝙩𝙞𝙤𝙣."" That line from Ashish Nair's piece below stuck with me. I ran a program a while back bringing together 4 different ve",153,0,1,0
urn:li:activity:7483116918720315392,,,,2026-07-15T11:15:03.012Z,"Output, Inference, and Prediction: Why Engineers Can't Just Say ""The Answer"" #MachineLearning #AI #DataScience #MLOps",197,1,0,0
urn:li:activity:7482870341967581184,,,,2026-07-14T18:55:14.533Z,𝗘𝘃𝗲𝗿 𝘄𝗼𝗻𝗱𝗲𝗿 𝘄𝗵𝗼 𝘁𝗵𝗲 𝗘𝗹𝗼𝗻 𝗠𝘂𝘀𝗸 𝗼𝗳 𝘁𝗵𝗲 𝟭𝟵𝟰𝟬𝘀 𝘄𝗮𝘀 🤔? I went down a rabbit hole with my son a few weeks back and landed on Howard Hughes. Radio transmitter at 11. Motorized bike at 12. Engineering his own,309,1,3,0
urn:li:activity:7482827799523880960,,,,2026-07-14T16:06:11.624Z,"This resonates, and it echoes something I've believed through my whole career: think of sustainable performance like a 3 legged stool, work, health, and personal life. You can't stand on 2 legs and ex",171,0,0,1
urn:li:activity:7482754530728767488,,,,2026-07-14T11:15:02.982Z,"Hughes was basically the 1940s Elon Musk! Mans built giant planes & custom bras instead of rockets & EVs. Genius, Obsession , and disruption - Eighty Years Apart. Wild tbh! #Innovation #History #Entre",4131,4,0,0
urn:li:activity:7482627369141358592,,,,2026-07-14T02:49:45.297Z,"𝐍𝐨𝐛𝐨𝐝𝐲 𝐊𝐧𝐞𝐰 𝐖𝐡𝐚𝐭 𝐖𝐨𝐮𝐥𝐝 𝐁𝐫𝐞𝐚𝐤  I once inherited a platform so fragile, engineers were afraid to touch it. Not because they didn't know how. Because nobody knew what would break. Dozens of streaming par",203,1,0,0
urn:li:activity:7481381791648526336,,,,2026-07-10T16:20:16.481Z,"If you are trying to scale AI in the enterprise without a platform mindset, you are building on sand. I was reviewing the new Perforce 2026 Platform Engineering report that dropped this week, and the ",408,1,0,0
urn:li:activity:7481150757598236674,,,,2026-07-10T01:02:13.671Z,Platform Thinking. 𝗜'𝘃𝗲 𝗻𝗼𝘁𝗶𝗰𝗲𝗱 𝗮 𝗽𝗮𝘁𝘁𝗲𝗿𝗻 𝗮𝗰𝗿𝗼𝘀𝘀 𝗲𝘃𝗲𝗿𝘆 𝗽𝗹𝗮𝘁𝗳𝗼𝗿𝗺 𝗜'𝘃𝗲 𝘄𝗼𝗿𝗸𝗲𝗱 𝗼𝗻. The teams that win aren't the ones with the fanciest model or the flashiest feature. They're the ones who treated the pl,485,3,0,0
urn:li:activity:7462965459471106048,,,,2026-05-20T20:40:20.731Z,I'm attending The data-driven path to consumption-based pricing. Join me on June 24.,365,1,0,0
